locationID,lgaName,sa4,state,nationalRemotenessAreas
1,Wagga Wagga,Riverina,NSW,Inner Regional Australia
2,Hawkesbury,Sydney - Baulkham Hills and Hawkesbury,NSW,Inner Regional Australia
3,Northern Midlands,Launceston and North East,TAS,Inner Regional Australia
4,Armidale,New England and North West,NSW,Outer Regional Australia
5,Lockyer Valley,Toowoomba,QLD,Inner Regional Australia
6,Wakefield,Barossa - Yorke - Mid North,SA,Outer Regional Australia
7,Southern Downs,Darling Downs - Maranoa,QLD,Inner Regional Australia
8,Brighton,Hobart,TAS,Inner Regional Australia
9,West Tamar,Launceston and North East,TAS,Outer Regional Australia
10,Mid Murray,South Australia - South East,SA,Outer Regional Australia
11,Blue Mountains,Sydney - Outer West and Blue Mountains,NSW,Major Cities of Australia
12,Upper Lachlan,Capital Region,NSW,Inner Regional Australia
13,Wattle Range,South Australia - South East,SA,Outer Regional Australia
14,Cairns,Cairns,QLD,Outer Regional Australia
15,Wollongong,Illawarra,NSW,Major Cities of Australia
16,Penrith,Sydney - Outer West and Blue Mountains,NSW,Major Cities of Australia
17,Upper Hunter,Hunter Valley exc Newcastle,NSW,Outer Regional Australia
18,South Burnett,Wide Bay,QLD,Outer Regional Australia
19,Mid-Western,Central West,NSW,Outer Regional Australia
20,Canterbury-Bankstown,Sydney - Inner South West,NSW,Major Cities of Australia
21,Greater Hume,Murray,NSW,Outer Regional Australia
22,Southern Downs,Darling Downs - Maranoa,QLD,Outer Regional Australia
23,Barossa,Barossa - Yorke - Mid North,SA,Inner Regional Australia
24,Port Macquarie-Hastings,Mid North Coast,NSW,Inner Regional Australia
25,Mackay,Mackay - Isaac - Whitsunday,QLD,Outer Regional Australia
26,Douglas,Cairns,QLD,Outer Regional Australia
27,Yankalilla,South Australia - South East,SA,Inner Regional Australia
28,Logan,Logan - Beaudesert,QLD,Major Cities of Australia
29,Dorset,Launceston and North East,TAS,Outer Regional Australia
30,Armidale,New England and North West,NSW,Inner Regional Australia
31,Nambucca Valley,Mid North Coast,NSW,Inner Regional Australia
32,Narromine,Far West and Orana,NSW,Outer Regional Australia
33,Fraser Coast,Wide Bay,QLD,Inner Regional Australia
34,Unincorporated SA,South Australia - Outback,SA,Very Remote Australia
35,Shellharbour,Illawarra,NSW,Major Cities of Australia
36,Narrabri,New England and North West,NSW,Outer Regional Australia
37,Logan,Logan - Beaudesert,QLD,Inner Regional Australia
38,Cook,Queensland - Outback,QLD,Remote Australia
39,Tenterfield,New England and North West,NSW,Outer Regional Australia
40,Central Coast (NSW),Central Coast,NSW,Major Cities of Australia
41,Tamworth,New England and North West,NSW,Outer Regional Australia
42,Hilltops,Capital Region,NSW,Inner Regional Australia
43,Forbes,Central West,NSW,Outer Regional Australia
44,Toowoomba,Toowoomba,QLD,Inner Regional Australia
45,Lake Macquarie,Newcastle and Lake Macquarie,NSW,Major Cities of Australia
46,Livingstone,Central Queensland,QLD,Remote Australia
47,Blacktown,Sydney - Blacktown,NSW,Major Cities of Australia
48,Balranald,Murray,NSW,Outer Regional Australia
49,Lockhart River,Queensland - Outback,QLD,Very Remote Australia
50,Light,Barossa - Yorke - Mid North,SA,Inner Regional Australia
51,Cassowary Coast,Cairns,QLD,Outer Regional Australia
52,Tumby Bay,South Australia - Outback,SA,Remote Australia
53,Liverpool,Sydney - South West,NSW,Major Cities of Australia
54,Cumberland,Sydney - Parramatta,NSW,Major Cities of Australia
55,Muswellbrook,Hunter Valley exc Newcastle,NSW,Inner Regional Australia
56,Moreton Bay,Moreton Bay - North,QLD,Inner Regional Australia
57,Ballina,Richmond - Tweed,NSW,Inner Regional Australia
58,Kyogle,Richmond - Tweed,NSW,Inner Regional Australia
59,Bundaberg,Wide Bay,QLD,Inner Regional Australia
60,Melbourne,Melbourne - Inner,VIC,Major Cities of Australia
61,Brisbane,Brisbane - South,QLD,Major Cities of Australia
62,Snowy Valleys,Riverina,NSW,Outer Regional Australia
63,Whitsunday,Mackay - Isaac - Whitsunday,QLD,Outer Regional Australia
64,Fairfield,Sydney - South West,NSW,Major Cities of Australia
65,Yass Valley,Capital Region,NSW,Inner Regional Australia
66,Central Highlands (Qld),Central Queensland,QLD,Remote Australia
67,The Hills,Sydney - Baulkham Hills and Hawkesbury,NSW,Major Cities of Australia
68,Salisbury,Adelaide - North,SA,Major Cities of Australia
69,Port Stephens,Hunter Valley exc Newcastle,NSW,Inner Regional Australia
70,Macedon Ranges,Melbourne - North West,VIC,Inner Regional Australia
71,Moyne,Warrnambool and South West,VIC,Inner Regional Australia
72,Cardinia,Melbourne - South East,VIC,Major Cities of Australia
73,East Gippsland,Latrobe - Gippsland,VIC,Outer Regional Australia
74,Hornsby,Sydney - Baulkham Hills and Hawkesbury,NSW,Major Cities of Australia
75,Whittlesea,Melbourne - North East,VIC,Major Cities of Australia
76,Mareeba,Queensland - Outback,QLD,Very Remote Australia
77,Mid-Coast,Mid North Coast,NSW,Inner Regional Australia
78,Rockhampton,Central Queensland,QLD,Inner Regional Australia
79,Ipswich,Ipswich,QLD,Inner Regional Australia
80,Glenelg,Warrnambool and South West,VIC,Outer Regional Australia
81,Western Downs,Darling Downs - Maranoa,QLD,Outer Regional Australia
82,Port Adelaide Enfield,Adelaide - West,SA,Major Cities of Australia
83,Cabonne,Central West,NSW,Outer Regional Australia
84,Gold Coast,Gold Coast,QLD,Major Cities of Australia
85,Unincorporated ACT,Australian Capital Territory,ACT,Major Cities of Australia
86,Frankston,Mornington Peninsula,VIC,Major Cities of Australia
87,Moree Plains,New England and North West,NSW,Outer Regional Australia
88,Parramatta,Sydney - Parramatta,NSW,Major Cities of Australia
89,Meander Valley,Launceston and North East,TAS,Outer Regional Australia
90,Queanbeyan-Palerang,Capital Region,NSW,Major Cities of Australia
91,Snowy Monaro,Capital Region,NSW,Outer Regional Australia
92,Federation,Murray,NSW,Outer Regional Australia
93,Brisbane,Brisbane Inner City,QLD,Major Cities of Australia
94,Cowra,Central West,NSW,Inner Regional Australia
95,Goulburn Mulwaree,Capital Region,NSW,Inner Regional Australia
96,Moreton Bay,Moreton Bay - South,QLD,Major Cities of Australia
97,Gympie,Wide Bay,QLD,Inner Regional Australia
98,Willoughby,Sydney - North Sydney and Hornsby,NSW,Major Cities of Australia
99,Shoalhaven,Capital Region,NSW,Inner Regional Australia
100,Queanbeyan-Palerang,Capital Region,NSW,Inner Regional Australia
101,Greater Bendigo,Bendigo,VIC,Inner Regional Australia
102,Nillumbik,Melbourne - North East,VIC,Inner Regional Australia
103,Wollongong,Illawarra,NSW,Inner Regional Australia
104,South Burnett,Wide Bay,QLD,Inner Regional Australia
105,Tatiara,South Australia - South East,SA,Remote Australia
106,Tweed,Richmond - Tweed,NSW,Inner Regional Australia
107,Mid-Coast,Mid North Coast,NSW,Outer Regional Australia
108,Ipswich,Ipswich,QLD,Major Cities of Australia
109,Ararat,North West,VIC,Inner Regional Australia
110,Colac Otway,Warrnambool and South West,VIC,Inner Regional Australia
111,McKinlay,Queensland - Outback,QLD,Very Remote Australia
112,Singleton,Hunter Valley exc Newcastle,NSW,Inner Regional Australia
113,Gladstone,Central Queensland,QLD,Outer Regional Australia
114,Lithgow,Central West,NSW,Inner Regional Australia
115,Campbelltown (NSW),Sydney - Outer South West,NSW,Major Cities of Australia
116,Sunshine Coast,Sunshine Coast,QLD,Major Cities of Australia
117,Warrumbungle,Far West and Orana,NSW,Outer Regional Australia
118,Noosa,Sunshine Coast,QLD,Major Cities of Australia
119,Port Stephens,Newcastle and Lake Macquarie,NSW,Major Cities of Australia
120,Gawler,Adelaide - North,SA,Major Cities of Australia
121,Alpine,Hume,VIC,Inner Regional Australia
122,Cabonne,Central West,NSW,Inner Regional Australia
123,Brisbane,Ipswich,QLD,Major Cities of Australia
124,Baw Baw,Latrobe - Gippsland,VIC,Inner Regional Australia
125,Isaac,Mackay - Isaac - Whitsunday,QLD,Remote Australia
126,Maranoa,Darling Downs - Maranoa,QLD,Remote Australia
127,Southern Grampians,Warrnambool and South West,VIC,Outer Regional Australia
128,Moreton Bay,Moreton Bay - North,QLD,Major Cities of Australia
129,Cessnock,Hunter Valley exc Newcastle,NSW,Inner Regional Australia
130,Scenic Rim,Logan - Beaudesert,QLD,Inner Regional Australia
131,Somerset,Ipswich,QLD,Inner Regional Australia
132,Hinchinbrook,Townsville,QLD,Remote Australia
133,Mackay,Mackay - Isaac - Whitsunday,QLD,Inner Regional Australia
134,Playford,Adelaide - North,SA,Major Cities of Australia
135,Cobar,Far West and Orana,NSW,Very Remote Australia
136,Ararat,North West,VIC,Outer Regional Australia
137,Adelaide Hills,Adelaide - Central and Hills,SA,Inner Regional Australia
138,Bega Valley,Capital Region,NSW,Outer Regional Australia
139,Tea Tree Gully,Adelaide - North,SA,Major Cities of Australia
140,Kiama,Illawarra,NSW,Inner Regional Australia
141,Moyne,Warrnambool and South West,VIC,Outer Regional Australia
142,Wollondilly,Sydney - Outer South West,NSW,Inner Regional Australia
143,Scenic Rim,Ipswich,QLD,Inner Regional Australia
144,Casey,Melbourne - South East,VIC,Major Cities of Australia
145,Northern Areas,Barossa - Yorke - Mid North,SA,Outer Regional Australia
146,Tablelands,Cairns,QLD,Outer Regional Australia
147,Sydney,Sydney - City and Inner South,NSW,Major Cities of Australia
148,Murrindindi,Hume,VIC,Inner Regional Australia
149,Albury,Murray,NSW,Inner Regional Australia
150,Boroondara,Melbourne - Inner East,VIC,Major Cities of Australia
151,Redland,Brisbane - East,QLD,Major Cities of Australia
152,Playford,Adelaide - North,SA,Inner Regional Australia
153,South Gippsland,Latrobe - Gippsland,VIC,Inner Regional Australia
154,Hinchinbrook,Townsville,QLD,Outer Regional Australia
155,Yarra Ranges,Melbourne - Outer East,VIC,Inner Regional Australia
156,Surf Coast,Geelong,VIC,Inner Regional Australia
157,Mount Barker,Adelaide - Central and Hills,SA,Inner Regional Australia
158,Brisbane,Brisbane - East,QLD,Major Cities of Australia
159,Cessnock,Hunter Valley exc Newcastle,NSW,Major Cities of Australia
160,Maitland,Hunter Valley exc Newcastle,NSW,Inner Regional Australia
161,Hobart,Hobart,TAS,Inner Regional Australia
162,Mitcham,Adelaide - South,SA,Major Cities of Australia
163,Clarence Valley,Coffs Harbour - Grafton,NSW,Inner Regional Australia
164,Adelaide,Adelaide - Central and Hills,SA,Major Cities of Australia
165,Lismore,Richmond - Tweed,NSW,Inner Regional Australia
166,Greater Shepparton,Shepparton,VIC,Inner Regional Australia
167,Merri-bek,Melbourne - North West,VIC,Major Cities of Australia
168,Narrandera,Riverina,NSW,Outer Regional Australia
169,Huon Valley,South East,TAS,Outer Regional Australia
170,Griffith,Riverina,NSW,Outer Regional Australia
171,Wodonga,Hume,VIC,Inner Regional Australia
172,Mid-Coast,Hunter Valley exc Newcastle,NSW,Inner Regional Australia
173,Darebin,Melbourne - Inner,VIC,Major Cities of Australia
174,Ballarat,Ballarat,VIC,Inner Regional Australia
175,Wingecarribee,Southern Highlands and Shoalhaven,NSW,Inner Regional Australia
176,Cardinia,Melbourne - South East,VIC,Inner Regional Australia
177,Maroondah,Melbourne - Outer East,VIC,Major Cities of Australia
178,Tweed,Richmond - Tweed,NSW,Major Cities of Australia
179,North Burnett,Wide Bay,QLD,Outer Regional Australia
180,Moree Plains,New England and North West,NSW,Remote Australia
181,Mornington Peninsula,Mornington Peninsula,VIC,Major Cities of Australia
182,Unley,Adelaide - Central and Hills,SA,Major Cities of Australia
183,Alexandrina,South Australia - South East,SA,Inner Regional Australia
184,Gympie,Wide Bay,QLD,Outer Regional Australia
185,Melton,Melbourne - West,VIC,Major Cities of Australia
186,Burdekin,Townsville,QLD,Outer Regional Australia
187,Knox,Melbourne - Outer East,VIC,Major Cities of Australia
188,Whittlesea,Melbourne - North East,VIC,Inner Regional Australia
189,Monash,Melbourne - South East,VIC,Major Cities of Australia
190,Unincorporated NSW,Far West and Orana,NSW,Very Remote Australia
191,Barcaldine,Queensland - Outback,QLD,Very Remote Australia
192,Wyndham,Melbourne - West,VIC,Major Cities of Australia
193,Glen Innes Severn,New England and North West,NSW,Outer Regional Australia
194,Northern Beaches,Sydney - Northern Beaches,NSW,Major Cities of Australia
195,Townsville,Townsville,QLD,Outer Regional Australia
196,Livingstone,Central Queensland,QLD,Outer Regional Australia
197,Yarra Ranges,Melbourne - Outer East,VIC,Major Cities of Australia
198,Golden Plains,Ballarat,VIC,Inner Regional Australia
199,Cook,Queensland - Outback,QLD,Very Remote Australia
200,Clarence,Hobart,TAS,Inner Regional Australia
201,Georges River,Sydney - Inner South West,NSW,Major Cities of Australia
202,Maitland,Hunter Valley exc Newcastle,NSW,Major Cities of Australia
203,Greater Hume,Murray,NSW,Inner Regional Australia
204,Kingston (Vic.),Melbourne - South East,VIC,Major Cities of Australia
205,Manningham,Melbourne - Inner East,VIC,Major Cities of Australia
206,Bathurst,Central West,NSW,Inner Regional Australia
207,Wudinna,South Australia - Outback,SA,Remote Australia
208,Inverell,New England and North West,NSW,Outer Regional Australia
209,Brimbank,Melbourne - West,VIC,Major Cities of Australia
210,Darebin,Melbourne - North East,VIC,Major Cities of Australia
211,Charles Sturt,Adelaide - West,SA,Major Cities of Australia
212,Flinders (Tas.),Launceston and North East,TAS,Very Remote Australia
213,Burnie,West and North West,TAS,Outer Regional Australia
214,Dubbo,Far West and Orana,NSW,Inner Regional Australia
215,Greater Geelong,Geelong,VIC,Major Cities of Australia
216,Adelaide Hills,Adelaide - Central and Hills,SA,Major Cities of Australia
217,Mitchell,Hume,VIC,Inner Regional Australia
218,Onkaparinga,Adelaide - South,SA,Inner Regional Australia
219,Stonnington,Melbourne - Inner South,VIC,Major Cities of Australia
220,Launceston,Launceston and North East,TAS,Outer Regional Australia
221,Indigo,Hume,VIC,Inner Regional Australia
222,Yarra,Melbourne - Inner,VIC,Major Cities of Australia
223,Port Phillip,Melbourne - Inner,VIC,Major Cities of Australia
224,Waratah-Wynyard,West and North West,TAS,Outer Regional Australia
225,Campaspe,Shepparton,VIC,Inner Regional Australia
226,Barkly,Northern Territory - Outback,NT,Very Remote Australia
227,Blacktown,Sydney - Parramatta,NSW,Major Cities of Australia
228,Blayney,Central West,NSW,Inner Regional Australia
229,Campbelltown (SA),Adelaide - Central and Hills,SA,Major Cities of Australia
230,Latrobe (Vic.),Latrobe - Gippsland,VIC,Inner Regional Australia
231,Palmerston,Darwin,NT,Outer Regional Australia
232,Gunnedah,New England and North West,NSW,Outer Regional Australia
233,Break O'Day,Launceston and North East,TAS,Outer Regional Australia
234,Buloke,North West,VIC,Outer Regional Australia
235,West Wimmera,North West,VIC,Outer Regional Australia
236,Ku-ring-gai,Sydney - North Sydney and Hornsby,NSW,Major Cities of Australia
237,Shoalhaven,Southern Highlands and Shoalhaven,NSW,Inner Regional Australia
238,Warrnambool,Warrnambool and South West,VIC,Inner Regional Australia
239,Berrigan,Murray,NSW,Inner Regional Australia
240,Warren,Far West and Orana,NSW,Remote Australia
241,Moira,Shepparton,VIC,Inner Regional Australia
242,Brisbane,Brisbane - North,QLD,Major Cities of Australia
243,Berri Barmera,South Australia - South East,SA,Outer Regional Australia
244,Moonee Valley,Melbourne - Inner,VIC,Major Cities of Australia
245,Litchfield,Darwin,NT,Outer Regional Australia
246,Greater Dandenong,Melbourne - South East,VIC,Major Cities of Australia
247,Golden Plains,Geelong,VIC,Inner Regional Australia
248,Toowoomba,Darling Downs - Maranoa,QLD,Outer Regional Australia
249,Moonee Valley,Melbourne - North West,VIC,Major Cities of Australia
250,Onkaparinga,Adelaide - South,SA,Major Cities of Australia
251,Inner West,Sydney - Inner West,NSW,Major Cities of Australia
252,Whyalla,South Australia - Outback,SA,Outer Regional Australia
253,Rockhampton,Central Queensland,QLD,Outer Regional Australia
254,Unincorporated SA,South Australia - Outback,SA,Remote Australia
255,Gladstone,Central Queensland,QLD,Inner Regional Australia
256,Noosa,Sunshine Coast,QLD,Inner Regional Australia
257,Mount Isa,Queensland - Outback,QLD,Remote Australia
258,Kingston (Vic.),Melbourne - Inner South,VIC,Major Cities of Australia
259,Toowoomba,Darling Downs - Maranoa,QLD,Inner Regional Australia
260,Maribyrnong,Melbourne - West,VIC,Major Cities of Australia
261,Marion,Adelaide - South,SA,Major Cities of Australia
262,Gold Coast,Gold Coast,QLD,Inner Regional Australia
263,Mildura,North West,VIC,Outer Regional Australia
264,Hornsby,Sydney - North Sydney and Hornsby,NSW,Inner Regional Australia
265,Mansfield,Hume,VIC,Outer Regional Australia
266,Charters Towers,Townsville,QLD,Very Remote Australia
267,Richmond Valley,Richmond - Tweed,NSW,Inner Regional Australia
268,Sutherland,Sydney - Sutherland,NSW,Inner Regional Australia
269,Mid-Western,Central West,NSW,Inner Regional Australia
270,Hume,Melbourne - North West,VIC,Major Cities of Australia
271,Newcastle,Newcastle and Lake Macquarie,NSW,Major Cities of Australia
272,Glen Eira,Melbourne - Inner South,VIC,Major Cities of Australia
273,Sunshine Coast,Sunshine Coast,QLD,Inner Regional Australia
274,Nillumbik,Melbourne - North East,VIC,Major Cities of Australia
275,Yarriambiack,North West,VIC,Remote Australia
276,Pyrenees,Ballarat,VIC,Inner Regional Australia
277,Unincorporated NSW,Far West and Orana,NSW,Remote Australia
278,Strathfield,Sydney - Inner South West,NSW,Major Cities of Australia
279,Bayside (NSW),Sydney - Inner South West,NSW,Major Cities of Australia
280,Coffs Harbour,Coffs Harbour - Grafton,NSW,Inner Regional Australia
281,Lake Macquarie,Newcastle and Lake Macquarie,NSW,Inner Regional Australia
282,Bundaberg,Wide Bay,QLD,Outer Regional Australia
283,Mid Murray,South Australia - South East,SA,Inner Regional Australia
284,Murray Bridge,South Australia - South East,SA,Inner Regional Australia
285,Murray River,Murray,NSW,Outer Regional Australia
286,Camden,Sydney - Outer South West,NSW,Major Cities of Australia
287,Glenorchy,Hobart,TAS,Inner Regional Australia
288,Hornsby,Sydney - North Sydney and Hornsby,NSW,Major Cities of Australia
289,Randwick,Sydney - Eastern Suburbs,NSW,Major Cities of Australia
290,Strathfield,Sydney - Inner West,NSW,Major Cities of Australia
291,Hunters Hill,Sydney - Ryde,NSW,Major Cities of Australia
292,Wangaratta,Hume,VIC,Inner Regional Australia
293,Parkes,Central West,NSW,Outer Regional Australia
294,Dubbo,Far West and Orana,NSW,Outer Regional Australia
295,Byron,Richmond - Tweed,NSW,Inner Regional Australia
296,Cabonne,Far West and Orana,NSW,Outer Regional Australia
297,Unincorporated ACT,Australian Capital Territory,ACT,Inner Regional Australia
298,Moorabool,Ballarat,VIC,Inner Regional Australia
299,Isaac,Mackay - Isaac - Whitsunday,QLD,Outer Regional Australia
300,Benalla,Hume,VIC,Inner Regional Australia
301,Bellingen,Coffs Harbour - Grafton,NSW,Inner Regional Australia
302,Wellington,Latrobe - Gippsland,VIC,Inner Regional Australia
303,Central Coast (NSW),Central Coast,NSW,Inner Regional Australia
304,Edward River,Murray,NSW,Outer Regional Australia
305,Coorong,South Australia - South East,SA,Outer Regional Australia
306,George Town,Launceston and North East,TAS,Outer Regional Australia
307,Ryde,Sydney - Ryde,NSW,Major Cities of Australia
308,Bass Coast,Latrobe - Gippsland,VIC,Inner Regional Australia
309,Richmond,Queensland - Outback,QLD,Very Remote Australia
310,Northern Midlands,Launceston and North East,TAS,Outer Regional Australia
311,Strathbogie,Hume,VIC,Inner Regional Australia
312,Hay,Murray,NSW,Remote Australia
313,Weddin,Central West,NSW,Outer Regional Australia
314,Moorabool,Melbourne - West,VIC,Inner Regional Australia
315,Moira,Shepparton,VIC,Outer Regional Australia
316,Lachlan,Central West,NSW,Outer Regional Australia
317,Waverley,Sydney - Eastern Suburbs,NSW,Major Cities of Australia
318,Northern Grampians,North West,VIC,Outer Regional Australia
319,Charters Towers,Townsville,QLD,Outer Regional Australia
320,Mareeba,Cairns,QLD,Outer Regional Australia
321,Horsham,North West,VIC,Outer Regional Australia
322,Adelaide Plains,Adelaide - North,SA,Inner Regional Australia
323,Stonnington,Melbourne - Inner,VIC,Major Cities of Australia
324,Mount Remarkable,Barossa - Yorke - Mid North,SA,Outer Regional Australia
325,Gilgandra,Far West and Orana,NSW,Outer Regional Australia
326,Adelaide Plains,Barossa - Yorke - Mid North,SA,Inner Regional Australia
327,Goondiwindi,Darling Downs - Maranoa,QLD,Outer Regional Australia
328,Mitchell,Melbourne - North East,VIC,Inner Regional Australia
329,Cassowary Coast,Cairns,QLD,Remote Australia
330,Clare and Gilbert Valleys,Barossa - Yorke - Mid North,SA,Outer Regional Australia
331,Brisbane,Brisbane - West,QLD,Major Cities of Australia
332,Moreton Bay,Moreton Bay - South,QLD,Inner Regional Australia
333,West Torrens,Adelaide - West,SA,Major Cities of Australia
334,Yarriambiack,North West,VIC,Outer Regional Australia
335,Snowy Valleys,Riverina,NSW,Inner Regional Australia
336,Whitehorse,Melbourne - Outer East,VIC,Major Cities of Australia
337,Cloncurry,Queensland - Outback,QLD,Very Remote Australia
338,Hawkesbury,Sydney - Baulkham Hills and Hawkesbury,NSW,Outer Regional Australia
339,Western Downs,Darling Downs - Maranoa,QLD,Remote Australia
340,Penrith,Sydney - South West,NSW,Major Cities of Australia
341,Redland,Brisbane - East,QLD,Outer Regional Australia
342,Hawkesbury,Sydney - Baulkham Hills and Hawkesbury,NSW,Major Cities of Australia
343,Sorell,Hobart,TAS,Inner Regional Australia
344,Towong,Hume,VIC,Outer Regional Australia
345,Grant,South Australia - South East,SA,Outer Regional Australia
346,Hepburn,Ballarat,VIC,Inner Regional Australia
347,Central Highlands (Qld),Central Queensland,QLD,Outer Regional Australia
348,Charters Towers,Townsville,QLD,Remote Australia
349,Blayney,Central West,NSW,Outer Regional Australia
350,Hilltops,Capital Region,NSW,Outer Regional Australia
351,Lockyer Valley,Ipswich,QLD,Inner Regional Australia
352,Circular Head,West and North West,TAS,Remote Australia
353,Swan Hill,North West,VIC,Outer Regional Australia
354,Murrumbidgee,Riverina,NSW,Outer Regional Australia
355,Upper Lachlan,Capital Region,NSW,Outer Regional Australia
356,Orange,Central West,NSW,Inner Regional Australia
357,Launceston,Launceston and North East,TAS,Inner Regional Australia
358,Cowra,Central West,NSW,Outer Regional Australia
359,Walkerville,Adelaide - Central and Hills,SA,Major Cities of Australia
360,Bayside (NSW),Sydney - City and Inner South,NSW,Major Cities of Australia
361,Sutherland,Illawarra,NSW,Inner Regional Australia
362,Whitehorse,Melbourne - Inner East,VIC,Major Cities of Australia
363,Wentworth,Murray,NSW,Remote Australia
364,Tasman,South East,TAS,Outer Regional Australia
365,Latrobe (Tas.),West and North West,TAS,Outer Regional Australia
366,Port Augusta,South Australia - Outback,SA,Outer Regional Australia
367,Benalla,Hume,VIC,Outer Regional Australia
368,Liverpool Plains,New England and North West,NSW,Outer Regional Australia
369,Mornington Peninsula,Mornington Peninsula,VIC,Inner Regional Australia
370,Banana,Central Queensland,QLD,Outer Regional Australia
371,Mount Barker,Adelaide - Central and Hills,SA,Major Cities of Australia
372,Inner West,Sydney - City and Inner South,NSW,Major Cities of Australia
373,Eurobodalla,Capital Region,NSW,Inner Regional Australia
374,Sutherland,Sydney - Sutherland,NSW,Major Cities of Australia
375,Barunga West,Barossa - Yorke - Mid North,SA,Outer Regional Australia
376,Tamworth,New England and North West,NSW,Inner Regional Australia
377,West Coast,West and North West,TAS,Remote Australia
378,Tatiara,South Australia - South East,SA,Outer Regional Australia
379,Snowy Monaro,Capital Region,NSW,Inner Regional Australia
380,Etheridge,Queensland - Outback,QLD,Very Remote Australia
381,Bland,Central West,NSW,Outer Regional Australia
382,Oberon,Central West,NSW,Outer Regional Australia
383,Maranoa,Darling Downs - Maranoa,QLD,Outer Regional Australia
384,Corangamite,Warrnambool and South West,VIC,Inner Regional Australia
385,Yorke Peninsula,Barossa - Yorke - Mid North,SA,Outer Regional Australia
386,Derwent Valley,Hobart,TAS,Inner Regional Australia
387,Hornsby,Sydney - Ryde,NSW,Major Cities of Australia
388,Port Pirie,Barossa - Yorke - Mid North,SA,Outer Regional Australia
389,Muswellbrook,Hunter Valley exc Newcastle,NSW,Outer Regional Australia
390,Circular Head,West and North West,TAS,Outer Regional Australia
391,Devonport,West and North West,TAS,Outer Regional Australia
392,Flinders (Qld),Queensland - Outback,QLD,Very Remote Australia
393,Burwood,Sydney - Inner West,NSW,Major Cities of Australia
394,Alice Springs,Northern Territory - Outback,NT,Remote Australia
395,Nambucca Valley,Mid North Coast,NSW,Outer Regional Australia
396,Somerset,Moreton Bay - North,QLD,Outer Regional Australia
397,Victoria Daly,Northern Territory - Outback,NT,Very Remote Australia
398,Lachlan,Central West,NSW,Remote Australia
399,Gwydir,New England and North West,NSW,Outer Regional Australia
400,Port Adelaide Enfield,Adelaide - North,SA,Major Cities of Australia
401,Macedon Ranges,Bendigo,VIC,Inner Regional Australia
402,Banyule,Melbourne - North East,VIC,Major Cities of Australia
403,Lithgow,Central West,NSW,Outer Regional Australia
404,Federation,Murray,NSW,Inner Regional Australia
405,Wagga Wagga,Riverina,NSW,Outer Regional Australia
406,Coonamble,Far West and Orana,NSW,Remote Australia
407,Kempsey,Mid North Coast,NSW,Inner Regional Australia
408,Carrathool,Riverina,NSW,Outer Regional Australia
409,Barcoo,Queensland - Outback,QLD,Very Remote Australia
410,Mareeba,Queensland - Outback,QLD,Outer Regional Australia
411,Hobsons Bay,Melbourne - West,VIC,Major Cities of Australia
412,Temora,Riverina,NSW,Outer Regional Australia
413,Karoonda East Murray,South Australia - South East,SA,Outer Regional Australia
414,Livingstone,Central Queensland,QLD,Inner Regional Australia
415,Unincorporated Vic,Latrobe - Gippsland,VIC,Outer Regional Australia
416,Gannawarra,North West,VIC,Outer Regional Australia
417,Blue Mountains,Sydney - Outer West and Blue Mountains,NSW,Inner Regional Australia
418,Ceduna,South Australia - Outback,SA,Very Remote Australia
419,Parramatta,Sydney - Ryde,NSW,Major Cities of Australia
420,Whitsunday,Mackay - Isaac - Whitsunday,QLD,Remote Australia
421,Shellharbour,Illawarra,NSW,Inner Regional Australia
422,Darwin,Darwin,NT,Outer Regional Australia
423,Baw Baw,Latrobe - Gippsland,VIC,Outer Regional Australia
424,Central Desert,Northern Territory - Outback,NT,Very Remote Australia
425,Sutherland,Sydney - Outer South West,NSW,Inner Regional Australia
426,Kempsey,Mid North Coast,NSW,Outer Regional Australia
427,Wudinna,South Australia - Outback,SA,Very Remote Australia
428,Murweh,Queensland - Outback,QLD,Very Remote Australia
429,Eurobodalla,Capital Region,NSW,Outer Regional Australia
430,Renmark Paringa,South Australia - South East,SA,Outer Regional Australia
431,Loxton Waikerie,South Australia - South East,SA,Outer Regional Australia
432,Central Coast (Tas.),West and North West,TAS,Outer Regional Australia
433,Berrigan,Murray,NSW,Outer Regional Australia
434,Norwood Payneham and St Peters,Adelaide - Central and Hills,SA,Major Cities of Australia
435,Sorell,Hobart,TAS,Outer Regional Australia
436,Clarence Valley,Coffs Harbour - Grafton,NSW,Outer Regional Australia
437,Yass Valley,Capital Region,NSW,Major Cities of Australia
438,MacDonnell,Northern Territory - Outback,NT,Very Remote Australia
439,Leeton,Riverina,NSW,Outer Regional Australia
440,Balranald,Murray,NSW,Remote Australia
441,Scenic Rim,Gold Coast,QLD,Inner Regional Australia
442,Port Macquarie-Hastings,Mid North Coast,NSW,Outer Regional Australia
443,Kingborough,South East,TAS,Outer Regional Australia
444,Merri-bek,Melbourne - Inner,VIC,Major Cities of Australia
445,Copper Coast,Barossa - Yorke - Mid North,SA,Outer Regional Australia
446,Lockhart,Riverina,NSW,Inner Regional Australia
447,Naracoorte Lucindale,South Australia - South East,SA,Outer Regional Australia
448,Southern Mallee,South Australia - South East,SA,Remote Australia
449,Glen Innes Severn,New England and North West,NSW,Inner Regional Australia
450,Hornsby,Sydney - Baulkham Hills and Hawkesbury,NSW,Inner Regional Australia
451,Kentish,West and North West,TAS,Outer Regional Australia
452,Goyder,Barossa - Yorke - Mid North,SA,Inner Regional Australia
453,Brimbank,Melbourne - North West,VIC,Major Cities of Australia
454,Flinders Ranges,South Australia - Outback,SA,Outer Regional Australia
455,Greater Geelong,Geelong,VIC,Inner Regional Australia
456,Loddon,Bendigo,VIC,Inner Regional Australia
457,Junee,Riverina,NSW,Inner Regional Australia
458,Victor Harbor,South Australia - South East,SA,Inner Regional Australia
459,Burnside,Adelaide - Central and Hills,SA,Major Cities of Australia
460,Coomalie ,Northern Territory - Outback,NT,Remote Australia
461,Manningham,Melbourne - Outer East,VIC,Major Cities of Australia
462,Corangamite,Warrnambool and South West,VIC,Outer Regional Australia
463,Wakefield,Barossa - Yorke - Mid North,SA,Inner Regional Australia
464,Mosman,Sydney - North Sydney and Hornsby,NSW,Major Cities of Australia
465,Glamorgan-Spring Bay,South East,TAS,Outer Regional Australia
466,Hawkesbury,Sydney - Outer West and Blue Mountains,NSW,Major Cities of Australia
467,Penrith,Sydney - Outer West and Blue Mountains,NSW,Inner Regional Australia
468,Southern Midlands,South East,TAS,Outer Regional Australia
469,Scenic Rim,Logan - Beaudesert,QLD,Outer Regional Australia
470,Mount Alexander,Bendigo,VIC,Inner Regional Australia
471,North Sydney,Sydney - North Sydney and Hornsby,NSW,Major Cities of Australia
472,Roper Gulf,Northern Territory - Outback,NT,Very Remote Australia
473,Western Downs,Darling Downs - Maranoa,QLD,Inner Regional Australia
474,Woollahra,Sydney - Eastern Suburbs,NSW,Major Cities of Australia
475,Prospect,Adelaide - Central and Hills,SA,Major Cities of Australia
476,Mareeba,Queensland - Outback,QLD,Remote Australia
477,Mildura,North West,VIC,Remote Australia
478,Wellington,Latrobe - Gippsland,VIC,Outer Regional Australia
479,Northern Peninsula Area,Queensland - Outback,QLD,Very Remote Australia
480,Mitchell,Melbourne - North East,VIC,Major Cities of Australia
481,Wingecarribee,Sydney - Outer South West,NSW,Inner Regional Australia
482,Kyogle,Richmond - Tweed,NSW,Outer Regional Australia
483,Port Stephens,Hunter Valley exc Newcastle,NSW,Major Cities of Australia
484,Unincorporated NT,Darwin,NT,Outer Regional Australia
485,Orroroo Carrieton,Barossa - Yorke - Mid North,SA,Outer Regional Australia
486,Central Goldfields,Ballarat,VIC,Inner Regional Australia
487,Unincorporated NT,Northern Territory - Outback,NT,Remote Australia
488,Central Darling,Far West and Orana,NSW,Very Remote Australia
489,Balonne,Darling Downs - Maranoa,QLD,Remote Australia
490,Kingborough,Hobart,TAS,Inner Regional Australia
491,Maranoa,Darling Downs - Maranoa,QLD,Very Remote Australia
492,Loddon,Bendigo,VIC,Outer Regional Australia
493,Walgett,Far West and Orana,NSW,Remote Australia
494,Coolamon,Riverina,NSW,Outer Regional Australia
495,Bulloo,Queensland - Outback,QLD,Very Remote Australia
496,Bellingen,Coffs Harbour - Grafton,NSW,Outer Regional Australia
497,Lane Cove,Sydney - North Sydney and Hornsby,NSW,Major Cities of Australia
498,Walcha,New England and North West,NSW,Outer Regional Australia
499,Northern Grampians,North West,VIC,Inner Regional Australia
500,Bogan,Far West and Orana,NSW,Very Remote Australia
501,The Hills,Sydney - Baulkham Hills and Hawkesbury,NSW,Inner Regional Australia
502,South Gippsland,Latrobe - Gippsland,VIC,Outer Regional Australia
503,West Tamar,Launceston and North East,TAS,Inner Regional Australia
504,Wollondilly,Illawarra,NSW,Inner Regional Australia
505,Cleve,South Australia - Outback,SA,Remote Australia
506,West Arnhem,Northern Territory - Outback,NT,Remote Australia
507,Wentworth,Murray,NSW,Outer Regional Australia
508,Canterbury-Bankstown,Sydney - Parramatta,NSW,Major Cities of Australia
509,King Island,West and North West,TAS,Very Remote Australia
510,Kangaroo Island,South Australia - South East,SA,Remote Australia
511,Meander Valley,Launceston and North East,TAS,Inner Regional Australia
512,Uralla,New England and North West,NSW,Inner Regional Australia
513,Holdfast Bay,Adelaide - South,SA,Major Cities of Australia
514,Douglas,Cairns,QLD,Remote Australia
515,Carrathool,Riverina,NSW,Remote Australia
516,Murrindindi,Melbourne - North East,VIC,Inner Regional Australia
517,Bogan,Far West and Orana,NSW,Remote Australia
518,Alpine,Hume,VIC,Outer Regional Australia
519,Brewarrina,Far West and Orana,NSW,Very Remote Australia
520,Wollondilly,Sydney - Outer West and Blue Mountains,NSW,Inner Regional Australia
521,East Arnhem,Northern Territory - Outback,NT,Very Remote Australia
522,Port Lincoln,South Australia - Outback,SA,Remote Australia
523,Carpentaria,Queensland - Outback,QLD,Very Remote Australia
524,Light,Adelaide - North,SA,Inner Regional Australia
525,Camden,Sydney - South West,NSW,Major Cities of Australia
526,Queanbeyan-Palerang,Capital Region,NSW,Outer Regional Australia
527,Longreach,Queensland - Outback,QLD,Very Remote Australia
528,Maitland,Newcastle and Lake Macquarie,NSW,Major Cities of Australia
529,Colac Otway,Warrnambool and South West,VIC,Outer Regional Australia
530,Lower Eyre Peninsula,South Australia - Outback,SA,Remote Australia
531,MacDonnell,Northern Territory - Outback,NT,Remote Australia
532,York,Western Australia - Wheat Belt,WA,Inner Regional Australia
533,Rockingham,Perth - South West,WA,Major Cities of Australia
534,Plantagenet,Western Australia - Wheat Belt,WA,Outer Regional Australia
535,Kwinana,Perth - South West,WA,Major Cities of Australia
536,Murray,Mandurah,WA,Inner Regional Australia
537,Dumbleyung,Western Australia - Wheat Belt,WA,Remote Australia
538,Port Hedland,Western Australia - Outback (North),WA,Remote Australia
539,Coolamon,Riverina,NSW,Inner Regional Australia
540,Stirling,Perth - North West,WA,Major Cities of Australia
541,Robe,South Australia - South East,SA,Outer Regional Australia
542,Cambridge,Perth - Inner,WA,Major Cities of Australia
543,Wanneroo,Perth - North West,WA,Major Cities of Australia
544,Somerset,Moreton Bay - North,QLD,Inner Regional Australia
545,Richmond Valley,Richmond - Tweed,NSW,Outer Regional Australia
546,Gosnells,Perth - South East,WA,Major Cities of Australia
547,Dandaragan,Western Australia - Wheat Belt,WA,Outer Regional Australia
548,The Hills,Sydney - Ryde,NSW,Major Cities of Australia
549,Serpentine-Jarrahdale,Perth - South East,WA,Major Cities of Australia
550,Mandurah,Mandurah,WA,Major Cities of Australia
551,Southern Mallee,South Australia - South East,SA,Outer Regional Australia
552,Woodanilling,Western Australia - Wheat Belt,WA,Outer Regional Australia
553,Warrumbungle,Central West,NSW,Outer Regional Australia
554,Dowerin,Western Australia - Wheat Belt,WA,Outer Regional Australia
555,Kalgoorlie-Boulder,Western Australia - Outback (South),WA,Outer Regional Australia
556,Greater Geraldton,Western Australia - Outback (South),WA,Outer Regional Australia
557,Harvey,Bunbury,WA,Inner Regional Australia
558,Serpentine-Jarrahdale,Perth - South East,WA,Inner Regional Australia
559,Bayswater,Perth - North East,WA,Major Cities of Australia
560,Swan,Perth - North East,WA,Major Cities of Australia
561,Doomadgee,Queensland - Outback,QLD,Very Remote Australia
562,Croydon,Queensland - Outback,QLD,Very Remote Australia
563,West Arnhem,Northern Territory - Outback,NT,Very Remote Australia
564,Albany,Western Australia - Wheat Belt,WA,Outer Regional Australia
565,Central Highlands (Tas.),South East,TAS,Outer Regional Australia
566,Lockhart,Riverina,NSW,Outer Regional Australia
567,Chittering,Western Australia - Wheat Belt,WA,Inner Regional Australia
568,Canning,Perth - South East,WA,Major Cities of Australia
569,Perenjori,Western Australia - Outback (South),WA,Remote Australia
570,Mount Magnet,Western Australia - Outback (South),WA,Very Remote Australia
571,Donnybrook-Balingup,Bunbury,WA,Inner Regional Australia
572,Cobar,Far West and Orana,NSW,Remote Australia
573,Hope Vale,Queensland - Outback,QLD,Remote Australia
574,Augusta Margaret River,Bunbury,WA,Outer Regional Australia
575,Vincent,Perth - Inner,WA,Major Cities of Australia
576,Wickepin,Western Australia - Wheat Belt,WA,Outer Regional Australia
577,Clare and Gilbert Valleys,Barossa - Yorke - Mid North,SA,Inner Regional Australia
578,Wangaratta,Hume,VIC,Outer Regional Australia
579,Melton,Melbourne - North West,VIC,Major Cities of Australia
580,Cockburn,Perth - South West,WA,Major Cities of Australia
581,Kalgoorlie-Boulder,Western Australia - Outback (South),WA,Very Remote Australia
582,Victoria Park,Perth - South East,WA,Major Cities of Australia
583,Armadale,Perth - South East,WA,Major Cities of Australia
584,Bunbury,Bunbury,WA,Inner Regional Australia
585,Gingin,Western Australia - Wheat Belt,WA,Inner Regional Australia
586,Moora,Western Australia - Wheat Belt,WA,Remote Australia
587,Perth,Perth - Inner,WA,Major Cities of Australia
588,Busselton,Bunbury,WA,Inner Regional Australia
589,Williams,Western Australia - Wheat Belt,WA,Outer Regional Australia
590,Augusta Margaret River,Bunbury,WA,Inner Regional Australia
591,Derwent Valley,South East,TAS,Outer Regional Australia
592,Quilpie,Queensland - Outback,QLD,Very Remote Australia
593,Kojonup,Western Australia - Wheat Belt,WA,Outer Regional Australia
594,Mount Marshall,Western Australia - Wheat Belt,WA,Remote Australia
595,Kingston (SA),South Australia - South East,SA,Outer Regional Australia
596,Karratha,Western Australia - Outback (North),WA,Remote Australia
597,Elliston,South Australia - Outback,SA,Very Remote Australia
598,Coolgardie,Western Australia - Outback (South),WA,Very Remote Australia
599,Tablelands,Cairns,QLD,Remote Australia
600,Monash,Melbourne - Inner South,VIC,Major Cities of Australia
601,Derby-West Kimberley,Western Australia - Outback (North),WA,Very Remote Australia
602,Mundaring,Perth - North East,WA,Inner Regional Australia
603,Light,Adelaide - North,SA,Major Cities of Australia
604,Belmont,Perth - South East,WA,Major Cities of Australia
605,Nungarin,Western Australia - Wheat Belt,WA,Remote Australia
606,Bayside (Vic.),Melbourne - Inner South,VIC,Major Cities of Australia
607,Northam,Western Australia - Wheat Belt,WA,Inner Regional Australia
608,Port Hedland,Western Australia - Outback (North),WA,Very Remote Australia
609,Melville,Perth - South West,WA,Major Cities of Australia
610,Bassendean,Perth - North East,WA,Major Cities of Australia
611,Yilgarn,Western Australia - Wheat Belt,WA,Remote Australia
612,Broome,Western Australia - Outback (North),WA,Very Remote Australia
613,Chapman Valley,Western Australia - Outback (South),WA,Remote Australia
614,Uralla,New England and North West,NSW,Outer Regional Australia
615,Broomehill-Tambellup,Western Australia - Wheat Belt,WA,Outer Regional Australia
616,Meekatharra,Western Australia - Outback (South),WA,Very Remote Australia
617,Esperance,Western Australia - Outback (South),WA,Remote Australia
618,Sunshine Coast,Moreton Bay - North,QLD,Inner Regional Australia
619,Capel,Bunbury,WA,Inner Regional Australia
620,Dundas,Western Australia - Outback (South),WA,Very Remote Australia
621,Federation,Riverina,NSW,Outer Regional Australia
622,Towong,Hume,VIC,Inner Regional Australia
623,Lake Grace,Western Australia - Wheat Belt,WA,Very Remote Australia
624,Dardanup,Bunbury,WA,Inner Regional Australia
625,Kondinin,Western Australia - Wheat Belt,WA,Very Remote Australia
626,Kent,Western Australia - Wheat Belt,WA,Remote Australia
627,Canada Bay,Sydney - Inner West,NSW,Major Cities of Australia
628,Wagin,Western Australia - Wheat Belt,WA,Outer Regional Australia
629,Manjimup,Bunbury,WA,Outer Regional Australia
630,Fairfield,Sydney - Parramatta,NSW,Major Cities of Australia
631,Murray,Mandurah,WA,Major Cities of Australia
632,Denmark,Western Australia - Wheat Belt,WA,Outer Regional Australia
633,Singleton,Hunter Valley exc Newcastle,NSW,Outer Regional Australia
634,Banana,Central Queensland,QLD,Remote Australia
635,Boddington,Western Australia - Wheat Belt,WA,Inner Regional Australia
636,Bruce Rock,Western Australia - Wheat Belt,WA,Remote Australia
637,Swan,Perth - North East,WA,Inner Regional Australia
638,Kulin,Western Australia - Wheat Belt,WA,Remote Australia
639,Cuballing,Western Australia - Wheat Belt,WA,Outer Regional Australia
640,Dungog,Hunter Valley exc Newcastle,NSW,Outer Regional Australia
641,Carnarvon,Western Australia - Outback (South),WA,Very Remote Australia
642,Hindmarsh,North West,VIC,Outer Regional Australia
643,Wyndham-East Kimberley,Western Australia - Outback (North),WA,Very Remote Australia
644,Beverley,Western Australia - Wheat Belt,WA,Outer Regional Australia
645,Ravensthorpe,Western Australia - Outback (South),WA,Very Remote Australia
646,Joondalup,Perth - North West,WA,Major Cities of Australia
647,Mount Isa,Queensland - Outback,QLD,Very Remote Australia
648,Moorabool,Melbourne - West,VIC,Major Cities of Australia
649,Coober Pedy,South Australia - Outback,SA,Very Remote Australia
650,Central Highlands (Qld),Central Queensland,QLD,Very Remote Australia
651,Katherine,Northern Territory - Outback,NT,Remote Australia
652,Dalwallinu,Western Australia - Wheat Belt,WA,Remote Australia
653,Gnowangerup,Western Australia - Wheat Belt,WA,Remote Australia
654,Junee,Riverina,NSW,Outer Regional Australia
655,Loddon,Ballarat,VIC,Inner Regional Australia
656,Goulburn Mulwaree,Capital Region,NSW,Outer Regional Australia
657,Goyder,Barossa - Yorke - Mid North,SA,Outer Regional Australia
658,Wongan-Ballidu,Western Australia - Wheat Belt,WA,Remote Australia
659,Collie,Bunbury,WA,Inner Regional Australia
660,Armadale,Perth - South East,WA,Inner Regional Australia
661,Cootamundra-Gundagai,Riverina,NSW,Outer Regional Australia
662,Wanneroo,Perth - North West,WA,Inner Regional Australia
663,East Pilbara,Western Australia - Outback (North),WA,Very Remote Australia
664,Menzies,Western Australia - Outback (South),WA,Very Remote Australia
665,Halls Creek,Western Australia - Outback (North),WA,Very Remote Australia
666,Irwin,Western Australia - Outback (South),WA,Outer Regional Australia
667,Walgett,Far West and Orana,NSW,Very Remote Australia
668,Yarrabah,Cairns,QLD,Outer Regional Australia
669,Pingelly,Western Australia - Wheat Belt,WA,Outer Regional Australia
670,Narrabri,New England and North West,NSW,Remote Australia
671,Broome,Western Australia - Outback (North),WA,Remote Australia
672,Kondinin,Western Australia - Wheat Belt,WA,Remote Australia
673,Cue,Western Australia - Outback (South),WA,Very Remote Australia
674,Hay,Murray,NSW,Outer Regional Australia
675,Wollondilly,Sydney - Outer South West,NSW,Major Cities of Australia
676,Kalamunda,Perth - South East,WA,Major Cities of Australia
677,Fraser Coast,Wide Bay,QLD,Remote Australia
678,Quairading,Western Australia - Wheat Belt,WA,Outer Regional Australia
679,East Gippsland,Latrobe - Gippsland,VIC,Remote Australia
680,Randwick,Sydney - City and Inner South,NSW,Major Cities of Australia
681,Mundaring,Perth - North East,WA,Major Cities of Australia
682,Mornington,Queensland - Outback,QLD,Very Remote Australia
683,Wandering,Western Australia - Wheat Belt,WA,Outer Regional Australia
684,Nannup,Bunbury,WA,Outer Regional Australia
685,Broken Hill,Far West and Orana,NSW,Outer Regional Australia
686,Ngaanyatjarraku,Western Australia - Outback (South),WA,Very Remote Australia
687,Brisbane,Brisbane - West,QLD,Inner Regional Australia
688,Corrigin,Western Australia - Wheat Belt,WA,Remote Australia
689,Anangu Pitjantjatjara Yankunytjatjara,South Australia - Outback,SA,Very Remote Australia
690,Fremantle,Perth - South West,WA,Major Cities of Australia
691,Toodyay,Western Australia - Wheat Belt,WA,Inner Regional Australia
692,Streaky Bay,South Australia - Outback,SA,Very Remote Australia
693,Southern Grampians,Warrnambool and South West,VIC,Inner Regional Australia
694,Victoria Plains,Western Australia - Wheat Belt,WA,Outer Regional Australia
695,Northampton,Western Australia - Outback (South),WA,Remote Australia
696,Bridgetown-Greenbushes,Bunbury,WA,Outer Regional Australia
697,Kimba,South Australia - Outback,SA,Remote Australia
698,Katanning,Western Australia - Wheat Belt,WA,Outer Regional Australia
699,Jerramungup,Western Australia - Wheat Belt,WA,Remote Australia
700,Carnamah,Western Australia - Outback (South),WA,Remote Australia
701,Ashburton,Western Australia - Outback (North),WA,Very Remote Australia
702,West Arthur,Western Australia - Wheat Belt,WA,Outer Regional Australia
703,Cootamundra-Gundagai,Riverina,NSW,Inner Regional Australia
704,Mount Gambier,South Australia - South East,SA,Outer Regional Australia
705,South Perth,Perth - South East,WA,Major Cities of Australia
706,Brookton,Western Australia - Wheat Belt,WA,Outer Regional Australia
707,Burke,Queensland - Outback,QLD,Very Remote Australia
708,Nedlands,Perth - Inner,WA,Major Cities of Australia
709,Gingin,Western Australia - Wheat Belt,WA,Outer Regional Australia
710,Stirling,Perth - Inner,WA,Major Cities of Australia
711,Franklin Harbour,South Australia - Outback,SA,Remote Australia
712,Northern Beaches,Sydney - Northern Beaches,NSW,Inner Regional Australia
713,Coorong,South Australia - South East,SA,Inner Regional Australia
714,Waroona,Bunbury,WA,Inner Regional Australia
715,Cunderdin,Western Australia - Wheat Belt,WA,Outer Regional Australia
716,Greater Geraldton,Western Australia - Outback (South),WA,Remote Australia
717,Lake Grace,Western Australia - Wheat Belt,WA,Remote Australia
718,Kiama,Illawarra,NSW,Major Cities of Australia
719,Oberon,Central West,NSW,Inner Regional Australia
720,Cranbrook,Western Australia - Wheat Belt,WA,Outer Regional Australia
721,Break O'Day,Launceston and North East,TAS,Remote Australia
722,Victoria Daly,Northern Territory - Outback,NT,Remote Australia
723,Murrumbidgee,Murray,NSW,Outer Regional Australia
724,Sydney,Sydney - Eastern Suburbs,NSW,Major Cities of Australia
725,Chapman Valley,Western Australia - Outback (South),WA,Outer Regional Australia
726,Kingston (SA),South Australia - South East,SA,Remote Australia
727,Mandurah,Mandurah,WA,Inner Regional Australia
728,Kalamunda,Perth - South East,WA,Inner Regional Australia
729,Kellerberrin,Western Australia - Wheat Belt,WA,Outer Regional Australia
730,Kalamunda,Perth - North East,WA,Inner Regional Australia
731,Balonne,Darling Downs - Maranoa,QLD,Very Remote Australia
732,Murray River,Murray,NSW,Remote Australia
733,Ararat,Ballarat,VIC,Inner Regional Australia
734,Wagait,Northern Territory - Outback,NT,Remote Australia
735,Weipa,Queensland - Outback,QLD,Very Remote Australia
736,Wyndham,Melbourne - West,VIC,Inner Regional Australia
737,Barossa,Adelaide - North,SA,Major Cities of Australia
738,Pyrenees,Ballarat,VIC,Outer Regional Australia
739,Pormpuraaw,Queensland - Outback,QLD,Very Remote Australia
740,Wongan-Ballidu,Western Australia - Wheat Belt,WA,Outer Regional Australia
741,Karratha,Western Australia - Outback (North),WA,Very Remote Australia
742,Bourke,Far West and Orana,NSW,Very Remote Australia
743,Bathurst,Central West,NSW,Outer Regional Australia
744,Redland,Brisbane - East,QLD,Remote Australia
745,Moora,Western Australia - Wheat Belt,WA,Outer Regional Australia
746,Richmond Valley,Coffs Harbour - Grafton,NSW,Outer Regional Australia
747,Upper Hunter,Hunter Valley exc Newcastle,NSW,Inner Regional Australia
748,Unincorporated Vic,Hume,VIC,Outer Regional Australia
749,Melton,Melbourne - West,VIC,Inner Regional Australia
750,Greater Shepparton,Hume,VIC,Inner Regional Australia
751,Dungog,Hunter Valley exc Newcastle,NSW,Inner Regional Australia
752,Chittering,Western Australia - Wheat Belt,WA,Outer Regional Australia
753,Palm Island,Townsville,QLD,Remote Australia
754,West Daly,Northern Territory - Outback,NT,Very Remote Australia
755,Mosman Park,Perth - Inner,WA,Major Cities of Australia
756,Narrogin,Western Australia - Wheat Belt,WA,Outer Regional Australia
757,Merredin,Western Australia - Wheat Belt,WA,Remote Australia
758,Unincorporated NT,Northern Territory - Outback,NT,Very Remote Australia
759,Westonia,Western Australia - Wheat Belt,WA,Remote Australia
760,Morawa,Western Australia - Outback (South),WA,Remote Australia
761,Claremont,Perth - Inner,WA,Major Cities of Australia
762,Mingenew,Western Australia - Outback (South),WA,Outer Regional Australia
763,Merredin,Western Australia - Wheat Belt,WA,Outer Regional Australia
764,Fraser Coast,Wide Bay,QLD,Outer Regional Australia
765,Murray,Western Australia - Wheat Belt,WA,Inner Regional Australia
766,The Hills,Sydney - Parramatta,NSW,Major Cities of Australia
767,Liverpool,Sydney - South West,NSW,Inner Regional Australia
768,Boddington,Western Australia - Wheat Belt,WA,Outer Regional Australia
769,Yorke Peninsula,Barossa - Yorke - Mid North,SA,Remote Australia
770,Goomalling,Western Australia - Wheat Belt,WA,Outer Regional Australia
771,Subiaco,Perth - Inner,WA,Major Cities of Australia
772,Trayning,Western Australia - Wheat Belt,WA,Remote Australia
773,Manjimup,Bunbury,WA,Remote Australia
774,Esperance,Western Australia - Outback (South),WA,Very Remote Australia
775,Franklin Harbour,South Australia - Outback,SA,Outer Regional Australia
776,West Daly,Northern Territory - Outback,NT,Remote Australia
777,Shark Bay,Western Australia - Outback (South),WA,Very Remote Australia
778,Exmouth,Western Australia - Outback (South),WA,Very Remote Australia
779,Ararat,Ballarat,VIC,Outer Regional Australia
780,Sandstone,Western Australia - Outback (South),WA,Very Remote Australia
781,Surf Coast,Warrnambool and South West,VIC,Inner Regional Australia
782,Gnowangerup,Western Australia - Wheat Belt,WA,Outer Regional Australia
783,Boyup Brook,Bunbury,WA,Outer Regional Australia
784,Cottesloe ,Perth - Inner,WA,Major Cities of Australia
785,Wickepin,Western Australia - Wheat Belt,WA,Remote Australia
786,Leonora,Western Australia - Outback (South),WA,Very Remote Australia
